<?xml version="1.0" encoding="UTF-8"?>

<!DOCTYPE hibernate-configuration PUBLIC
	"-//Hibernate/Hibernate Configuration DTD 3.0//EN"
	"http://www.hibernate.org/dtd/hibernate-configuration-3.0.dtd">

<!-- Write the Hibernate Configuration needed -->
<!-- Properties -->

<hibernate-configuration>
	<session-factory>
		<!-- DriverName -->
		<!-- Fully qualified class name -->
		<property name="connection.driver_class">com.mysql.cj.jdbc.Driver</property>
		<!-- URL of the DB - where it is hosted -->
		<property name="connection.url">jdbc:mysql://localhost:3306/appointment</property>
		<!-- Username -->
		<property name="connection.username">root</property>
		<!-- Password -->
		<property name="connection.password">12345</property>
		<!-- Hibernate -->
		<!-- Dialect -->
		<property name="dialect">org.hibernate.dialect.MySQL8Dialect</property>
		<!-- Creation of tables -->
		<property name="hbm2ddl.auto">update</property>
		<!-- Mappings -->
		<mapping class="com.deloitte.entities.Doctor"/>
		<mapping class="com.deloitte.entities.Patient"/>
		<mapping class="com.deloitte.entities.Appointment"/>
		 
	</session-factory>
</hibernate-configuration>